{
  "contact_data": [
    {
      "id": 0,
      "name": "Josephin water",
      "img": "contact/1.jpg",
      "profile": "offline",
      "date": "22/10/19",
      "status": "Hi, i am josephin. How are you.. ! There are many variations of passages.",
      "active": "<h6 class='font-success status'> Seen</h6>"
    },
    {
      "id": 1,
      "name": "Jony Lynetin",
      "img": "contact/2.jpg",
      "profile": "online",
      "date": "30/11/19",
      "status": "Hello",
      "active": " <div class='badge badge-primary sm'>8</div>"
    },
    {
      "id": 2,
      "name": "Sufiya Elija",
      "img": "contact/3.jpg",
      "profile": "unreachable",
      "date": "15/06/19",
      "status": "I need job, please help me.",
      "active": "<h6 class='font-dark status'> Sending</h6>"
    },
    {
      "id": 3,
      "name": "Pabelo Mukrani",
      "img": "contact/4.jpg",
      "profile": "busy",
      "date": "04/06/19",
      "status": "Hi, i am josephin. How are you.. ! There are many variations of passages.",
      "active": "<h6 class='font-danger status'> Failed</h6>"
    },
    {
      "id": 4,
      "name": "Josephin water",
      "img": "contact/1.jpg",
      "profile": "offline",
      "date": "22/10/19",
      "status": "Hi, i am josephin. How are you.. ! There are many variations of passages.",
      "active": "<h6 class='font-success status'> Seen</h6>"
    },
    {
      "id": 5,
      "name": "Jony Lynetin",
      "img": "contact/2.jpg",
      "profile": "online",
      "date": "30/11/19",
      "status": "Hello",
      "active": " <div class='badge badge-primary sm'>8</div>"
    },
    {
      "id": 6,
      "name": "Sufiya Elija",
      "img": "contact/3.jpg",
      "profile": "unreachable",
      "date": "15/06/19",
      "status": "I need job, please help me.",
      "active": "<h6 class='font-dark status'> Sending</h6>"
    },
    {
      "id": 7,
      "name": "Jony Lynetin",
      "img": "contact/2.jpg",
      "profile": "online",
      "date": "30/11/19",
      "status": "Hello",
      "active": " <div class='badge badge-primary sm'>8</div>"
    },
    {
      "id": 8,
      "name": "Josephin water",
      "img": "contact/1.jpg",
      "profile": "offline",
      "date": "22/10/19",
      "status": "Hi, i am josephin. How are you.. ! There are many variations of passages.",
      "active": "<h6 class='font-success status'> Seen</h6>"
    },
    {
      "id": 9,
      "name": "Jony Lynetin",
      "img": "contact/2.jpg",
      "profile": "online",
      "date": "30/11/19",
      "status": "Hello",
      "active": " <div class='badge badge-primary sm'>8</div>"
    },
    {
      "id": 10,
      "name": "Sufiya Elija",
      "img": "contact/3.jpg",
      "profile": "unreachable",
      "date": "15/06/19",
      "status": "I need job, please help me.",
      "active": "<h6 class='font-dark status'> Sending</h6>"
    },
    {
      "id": 11,
      "name": "Pabelo Mukrani",
      "img": "contact/4.jpg",
      "profile": "busy",
      "date": "04/06/19",
      "status": "Hi, i am josephin. How are you.. ! There are many variations of passages.",
      "active": "<h6 class='font-danger status'> Failed</h6>"
    },
    {
      "id": 12,
      "name": "Josephin water",
      "img": "contact/1.jpg",
      "profile": "offline",
      "date": "22/10/19",
      "status": "Hi, i am josephin. How are you.. ! There are many variations of passages.",
      "active": "<h6 class='font-success status'> Seen</h6>"
    },
    {
      "id": 13,
      "name": "Jony Lynetin",
      "img": "contact/2.jpg",
      "profile": "online",
      "date": "30/11/19",
      "status": "Hello",
      "active": " <div class='badge badge-primary sm'>8</div>"
    },
    {
      "id": 14,
      "name": "Sufiya Elija",
      "img": "contact/3.jpg",
      "profile": "unreachable",
      "date": "15/06/19",
      "status": "I need job, please help me.",
      "active": "<h6 class='font-dark status'> Sending</h6>"
    },
    {
      "id": 15,
      "name": "Jony Lynetin",
      "img": "contact/2.jpg",
      "profile": "online",
      "date": "30/11/19",
      "status": "Hello",
      "active": " <div class='badge badge-primary sm'>8</div>"
    }
  ]
}