{
    "document_data": [
        {
            "id": 0,
            "filename": "messenger.html",
            "time": "2, october 2019",
            "doc": "messenger.html",
            "doc_type": "fa fa-file-code-o",
            "btn_class": "btn-outline-danger"
        },
        {
            "id": 1,
            "filename": "chapter1.MP4",
            "time": "3, October 2019",
            "doc": "chapter1.MP4",
            "doc_type": "fa fa-file-video-o",
            "btn_class": "btn-outline-success"
        },
        {
            "id": 2,
            "filename": "salary.xlsx",
            "time": "5, October 2019",
            "doc": "salary.xlsx",
            "doc_type": "fa fa-file-word-o",
            "btn_class": "btn-outline-primary"
        },
        {
            "id": 3,
            "filename": "document.pdf",
            "time": "7, October 2019",
            "doc": "document.pdf",
            "doc_type": "fa fa-file-pdf-o",
            "btn_class": "btn-outline-warning"
        },
        {
            "id": 4,
            "filename": "details.txt",
            "time": "20, October 2019",
            "doc": "details.txt",
            "doc_type": "fa fa-file-text-o",
            "btn_class": "btn-outline-danger"
        },
        {
            "id": 5,
            "filename": "messenger.html",
            "time": "2, october 2019",
            "doc": "messenger.html",
            "doc_type":"fa fa-file-code-o",
            "btn_class": "btn-outline-success"
        }
    ]
}