{
    "link_data": [
        {
            "id": 0,
            "themeName": "Jquery Template",
            "time": "12:05 PM Today",
            "themeLink": "https://themeforest.net/item/endless-react-admin-template/25365098",
            "placeholder": "https://themeforest.net/item/endless-react-admin-template",
            "logo": "file_icons/12.png",
            "template": "React Template",
            "templateLine": "Functionality integration project."
        },
        {
            "id": 1,
            "themeName": "Multikart Template",
            "time": "05:12 AM Today",
            "themeLink": "https://themeforest.net/item/multikart-responsive-vuejs-ecommerce-template/25174665",
            "placeholder": "https://themeforest.net/item/multikart-responsive-template",
            "logo": "file_icons/3.png",
            "template": "Multipurpose Vuejs.",
            "templateLine": "Template is a multi-use Vue template."
        },
        {
            "id": 2,
            "themeName": "Unice-Multipurpose",
            "time": "03:26 PM",
            "themeLink": "https://themeforest.net/item/unice-angular-multipurpose-template/24776272",
            "logo": "file_icons/8.png",
            "placeholder": "https://themeforest.net/item/unice-angular-template",
            "template": "Angular Template.",
            "templateLine": "Unice is a Perfect Respon."
        },
        {
            "id": 3,
            "themeName": "Endless-Angular",
            "time": "02:26 AM",
            "themeLink": "https://themeforest.net/item/endless-angular-admin-template/23884779",
            "placeholder": "https://themeforest.net/item/endless-angular-admin-template",
            "logo": "file_icons/12.png",
            "template": "Endless Document.",
            "templateLine": "Help you understand angular."
        },
        {
            "id": 4,
            "themeName": "Bigdeal-eCommerce",
            "time": "04:00 PM",
            "themeLink": "https://themeforest.net/item/bigdeal-ecommerce-html-template/24809149",
            "placeholder": "https://themeforest.net/item/bigdeal-ecommerce-template",
            "logo": "file_icons/9.png",
            "template": "HTML Template.",
            "templateLine": "eCommerce HTML Template."
        },
        {
            "id": 5,
            "themeName": "Multikart-Responsive.",
            "time": "11:05 PM",
            "themeLink": "https://themeforest.net/item/multikart-responsive-react-ecommerce-template/23067773",
            "placeholder": "https://themeforest.net/item/multikart-responsive-react-ecommerce",
            "logo": "file_icons/3.png",
            "template": "Multipurp eComme.",
            "templateLine": "Well with multi-purpose websites."
        },
        {
            "id": 6,
            "themeName": "Creative - Responsive",
            "time": "12:26 PM",
            "themeLink": "https://themeforest.net/item/creative-responsive-admin-template/24978419",
            "placeholder": "https://themeforest.net/item/creative-responsive",
            "logo": "file_icons/11.png",
            "template": "Dashboard Templa.",
            "templateLine": "Creative Admin is a full featured."
        },
        {
            "id": 7,
            "themeName": "eComme Template",
            "time": "12:26 PM",
            "themeLink": "https://themeforest.net/item/multikart-responsive-angular-ecommerce-template/22905358",
            "placeholder": "https://themeforest.net/item/multikart-responsive-angular",
            "logo": "file_icons/3.png",
            "template": "Responsive Ang.",
            "templateLine": "Multikart – Multipurpose."
        },
        {
            "id": 12,
            "themeName": "Multikart Templat.",
            "time": "12:26 PM",
            "themeLink": "https://themeforest.net/item/multikart-responsive-ecommerce-html-template/22809967",
            "placeholder": "https://themeforest.net/item/multikart-responsive-ecommerce",
            "logo": "file_icons/10.png",
            "template": "Multi Responsive.",
            "templateLine": "Ecommerce HTML Theme."
        },
        {
            "id": 8,
            "themeName": "BigBoost Template",
            "time": "04:26 PM",
            "themeLink": "https://themeforest.net/item/bigboost-ecommerce-html-template/24168053",
            "placeholder": "https://themeforest.net/item/bigboost-ecommerce-html-template",
            "logo": "file_icons/7.png",
            "template": "Fully Responsive.",
            "templateLine": "Multiple Header Variations."
        },
        {
            "id": 9,
            "themeName": "App Landing",
            "time": "10:05 PM 20/05/2019",
            "themeLink": "https://themeforest.net/item/unice-app-landing-corporate-and-portfolio-multipurpose-template/24581311",
            "placeholder": "https://themeforest.net/item/unice-app-landing-corporate-and-portfolio-multipurpose-template",
            "logo": "file_icons/4.png",
            "template": "Multi-Purpos theme.",
            "templateLine": "Unice is a Perfect Responsive."
        },
        {
            "id": 10,
            "themeName": "Reno - Tools Store",
            "time": "12:26 PM",
            "themeLink": "https://themeforest.net/item/reno-multipurpose-html-template/24141678",
            "placeholder": "https://themeforest.net/item/reno-multipurpose-html-template",
            "logo": "file_icons/6.png",
            "template": "Reno Template is a busines.",
            "templateLine": "Android Mobile or tablets."
        },
        {
            "id": 11,
            "themeName": "Shop - Mart",
            "time": "12:26 PM 03/11/2019",
            "themeLink": "https://themeforest.net/item/shopmart-multipurpose-shopify-theme/24040917?s_rank=12",
            "placeholder": "https://themeforest.net/item/shopmart-multipurpose-shopify-theme",
            "logo": "file_icons/5.png",
            "template": "Shop Mart Landing Page.",
            "templateLine": "This is App Landing Template."
        }
    ],
    "media_data": [
        {
            "id": 0,
            "date": "12/12/2019",
            "badge": "8",
            "gallary1": "gallery/1.jpg",
            "gallary2": "gallery/2.jpg",
            "gallary3": "gallery/3.jpg",
            "gallary4": "gallery/4.jpg",
            "gallary5": "gallery/5.jpg"
        },
        {
            "id": 1,
            "date": "10/01/2020",
            "badge": "5",
            "gallary1": "gallery/1.jpg",
            "gallary2": "gallery/2.jpg",
            "gallary3": "gallery/3.jpg",
            "gallary4": "gallery/4.jpg",
            "gallary5": "gallery/5.jpg"
        },
        {
            "id": 2,
            "date": "30/04/2020",
            "badge": "2",
            "gallary1": "gallery/1.jpg",
            "gallary2": "gallery/2.jpg",
            "gallary3": "gallery/3.jpg",
            "gallary4": "gallery/4.jpg",
            "gallary5": "gallery/5.jpg",
            "gallary6": "gallery/2.jpg",
            "gallary7": "gallery/3.jpg",
            "gallary8": "gallery/4.jpg"
        },
        {
            "id": 3,
            "date": "10/01/2020",
            "badge": "2",
            "gallary1": "gallery/1.jpg",
            "gallary2": "gallery/2.jpg",
            "gallary3": "gallery/3.jpg",
            "gallary4": "gallery/4.jpg",
            "gallary5": "gallery/5.jpg",
            "gallary6": "gallery/2.jpg",
            "gallary7": "gallery/3.jpg",
            "gallary8": "gallery/4.jpg"
        }
    ]
}