[
    {"stic":"sticker/1.gif"},
    {"stic":"sticker/2.gif"},
    {"stic":"sticker/3.gif"},
    {"stic":"sticker/3.gif"},
    {"stic":"sticker/4.gif"},
    {"stic":"sticker/5.gif"},
    {"stic":"sticker/6.gif"},
    {"stic":"sticker/7.gif"},
    {"stic":"sticker/8.gif"},
    {"stic":"sticker/9.gif"},
    {"stic":"sticker/10.gif"},
    {"stic":"sticker/11.gif"},
    {"stic":"sticker/12.gif"},
    {"stic":"sticker/13.gif"},
    {"stic":"sticker/14.gif"},
    {"stic":"sticker/15.gif"},
    {"stic":"sticker/16.gif"},
    {"stic":"sticker/17.gif"},
    {"stic":"sticker/18.gif"},
    {"stic":"sticker/19.gif"},
    {"stic":"sticker/20.gif"},
    {"stic":"sticker/21.gif"},
    {"stic":"sticker/22.gif"},
    {"stic":"sticker/23.gif"},
    {"stic":"sticker/24.gif"},
    {"stic":"sticker/25.gif"},
    {"stic":"sticker/26.gif"},
    {"stic":"sticker/27.gif"},
    {"stic":"sticker/28.gif"},
    {"stic":"sticker/29.gif"},
    {"stic":"sticker/30.gif"},
    {"stic":"sticker/31.gif"},
    {"stic":"sticker/32.gif"},
    {"stic":"sticker/33.gif"},
    {"stic":"sticker/34.gif"},
    {"stic":"sticker/35.gif"},
    {"stic":"sticker/36.gif"},
    {"stic":"sticker/37.gif"},
    {"stic":"sticker/38.gif"},
    {"stic":"sticker/39.gif"},
    {"stic":"sticker/40.gif"},
    {"stic":"sticker/41.gif"},
    {"stic":"sticker/42.gif"},
    {"stic":"sticker/43.gif"}              
]